{
    "train": {
        "MAE": 21.49956196642351,
        "RMSE": 31.06599323618793,
        "R2": 0.7866642658471724,
        "MAPE": 27.978706113379804,
        "Bias": -0.00849546595370139
    },
    "test": {
        "MAE": 33.995099461489936,
        "RMSE": 45.94152943831051,
        "R2": 0.6578329732181072,
        "MAPE": 31.159699267418173,
        "Bias": 20.492451261726565
    }
}